,,41A - PC/JC MENU LIST,,,,,,,,APPROX. DAILY ORDER,,,,,,
,,,,,ESTIMATED,,,,,,,,,,,
,,,PRODUCTION,PLATING &,WEELY,UOM,17-Jul,18-Jul,19-Jul,20-Jul,21-Jul,22-Jul,23-Jul,24-Jul,,
Item Code,,ITEM DESCRIPTION,SITE,ASSEMBLY SITE,ORDER,,,,,,,,,,,
,,,,,,,Tuesday,Wednesday,Thursday,Friday,Saturday,Sunday,Monday,Tuesday,,
F0700159,,CHEESE CALENDAR ROLL & ARNOTTS BISCUIT,Mascot,Mascot,269,units,41,36,41,32,37,41,41,40,,
1,ea,CHEESE CHEDDAR (BOTTEGA ROTOLO),,,269,ea,41,36,41,32,37,41,41,40,,
1,ea,BREAD ROLL,,,269,ea,41,36,41,32,37,41,41,40,,
1,ea,WATERCRACKER BISCUIT (2PC.),,,269,ea,41,36,41,32,37,41,41,40,,
F0700393,,CHEESE CALENDAR ROLL & ARNOTTS BISCUIT,Mascot,Mascot,300,units,43,43,43,42,43,43,43,43,,
1,ea,CHEESE CHEDDAR (BOTTEGA ROTOLO),,,300,ea,43,43,43,42,43,43,43,43,,
1,ea,BREAD ROLL,,,300,ea,43,43,43,42,43,43,43,43,,
1,ea,WATERCRACKER BISCUIT (2PC.),,,300,ea,43,43,43,42,43,43,43,43,,
F0300633,,MARINATED OLIVES,Mascot,Mascot,225,units,39,30,39,23,37,38,19,37,,
,,LIGURIAN OLIVES WITH PITS MARINATED IN OLIVE OIL. ORANGE PEEL.,,,,,,,,,,,,,,
30,g,THYME AND ROSEMARY,,,6.75,kg,1.17,0.90,1.17,0.69,1.11,1.14,0.57,1.11,,
F0402689,,JAPANESE RICE PARCEL,Marrickville,Mascot,77,units,14,7,14,7,7,14,14,7,,
1,ea,"JAPANESE RICE PARCEL WITH BLACK SESAME SEED, 120g ea",,,77,ea,14,7,14,7,7,14,14,7,,
F0400147,,Scrambled Egg Mixture 400ml,Mascot,Mascot,287,units,33,45,58,30,47,32,42,26,,
F0400533,,Organic Scrambled Egg Mixture 400ml,Mascot,Mascot,57,units,10,8,10,6,10,9,4,8,,
F1200988,,Bread Toast Granary 2P81,Mascot,Mascot,32,units,5,5,5,5,6,6,0,10,,
F1201086,,Bread Brioche Loaf Slice for Eggs Tstd,Mascot,Mascot,83,units,9,10,14,9,16,11,14,10,,
F1400205,,Lemon wedges 2P72/2P76,Mascot,Mascot,20,units,5,5,0,5,0,5,0,5,,
F1400825,,Lemon Cheeks supplied in 2P32,Mascot,Mascot,20,units,3,3,3,3,3,3,2,3,,
F1400740,,Dressing Palm Sugar Halal 100ml 2P81,Mascot,Mascot,20,units,3,3,3,3,3,3,2,3,,
F1400995,,Palm Sugar 400ml,Mascot,Mascot,376,units,0,5,57,53,99,82,80,74,,
F0402983,,BIRCHER MUESLI NEIL PERRY,Mascot,Mascot,0,units,0,0,0,0,0,0,0,0,,
F0403237,,BIRCHER MUESLI NEIL PERRY 2U846 787-900,Mascot,Mascot,101,units,14,13,15,14,16,17,12,13,,
F1400001,,LEMON HALVED SLICED X 8 2P72,Mascot,Mascot,2933,units,393,391,443,419,453,441,393,384,,
,,CANAPES,,,,,,,,,,,,,,
F0100385,,VOL AUVENT CREME FRAICHE FOR CAVIAR,Mascot,Mascot,23,units,3,3,3,3,3,3,2,3,,
15,ea,EA VOL AU VENT PASTRY SHELLS APPROX.3.5CM,,,345,ea,45,45,45,45,45,45,30,45,,
80,g,CRÈME FRAICHE,,,1.84,kg,0.24,0.24,0.24,0.24,0.24,0.24,0.16,0.24,,
2,ea,PLASTIC TEASPOONS,,,46,ea,6,6,6,6,6,6,4,6,,
F0100386,,KOREAN BEEF TARTARE CHIVES SESAME DRESSING,Mascot,Mascot,23,units,3,3,3,3,3,3,2,3,,
280,g,KOREAN BEEF TARTARE MIX,,,6.44,kg,1,1,1,1,1,1,1,1,,
5,g,CHIVE BATONS,,,0.12,kg,0.02,0.02,0.02,0.02,0.02,0.02,0.01,0.02,,
80,g,SESAME RADISH DRESSING,,,1.84,kg,0.24,0.24,0.24,0.24,0.24,0.24,0.16,0.24,,
,,,,,1,,,,,,,,,,1,
,,,,,,,,,,,,,,,,
,,41A - PC/JC MENU LIST,,,,,,,,APPROX. DAILY ORDER,,,,,,
,,,,,ESTIMATED,,,,,,,,,,,
,,,PRODUCTION,PLATING &,WEELY,UOM,17-Jul,18-Jul,19-Jul,20-Jul,21-Jul,22-Jul,23-Jul,24-Jul,,
Item Code,,ITEM DESCRIPTION,SITE,ASSEMBLY SITE,ORDER,,,,,,,,,,,
,,,,,,,Tuesday,Wednesday,Thursday,Friday,Saturday,Sunday,Monday,Tuesday,,
,,SOUP & SALADS,,,,,,,,,,,,,,
F0300637,,"SALAD OF BABY COS, RADICCHIO & FRISEE 100G BAG",Mascot,Mascot,96,units,14,12,14,9,14,13,7,13,,
60,g,BABY COS LETTUCE LEAVEAS (TORN),,,5.76,kg,0.84,0.72,0.84,0.54,0.84,0.78,0.42,0.78,,
15,g,BABY RADICCHIO LEAVES (TORN),,,1.44,kg,0.21,0.18,0.21,0.14,0.21,0.20,0.11,0.20,,
25,g,FRISEE LEAVES,,,2.40,kg,0.35,0.30,0.35,0.23,0.35,0.33,0.18,0.33,,
F1401992,,CORIANDER YOGHURT DUKKAH CROUTON FOR F0200634,Mascot,Mascot,288,units,33,32,36,37,42,39,35,34,,
150,g,CORIANDER YOGHURT,,,43.20,kg,4.95,4.80,5.40,5.55,6.30,5.85,5.25,5.10,,
50,g,DUKKAH CROUTONS 1.5CM x 1.5CM rough cut,,,14.40,kg,1.65,1.60,1.80,1.85,2.10,1.95,1.75,1.70,,
,,SMALL PLATES,,,,,,,,,,,,,,
F0303902,,BAKED RIGATONI EGGPLANT RICH TOMATO SAUCE,Mascot,Mascot,1066,units,126,112,140,131,160,141,123,133,,
110,g,BAKED RIGATONI(1EA = 110G),,,117.26,kg,13.86,12.32,15.40,14.41,17.60,15.51,13.53,14.63,,
30,g,RICH TOMATO SAUCE,,,31.98,kg,3.78,3.36,4.20,3.93,4.80,4.23,3.69,3.99,,
F0303922,,BAKED RIGATONI EGGPLANT RICH TOMATO SAUCE,Mascot,Mascot,0,units,0,0,0,0,0,0,0,0,,
220,g,BAKED RIGATONI(1EA = 110G),,,0.00,kg,#DIV/0!,#DIV/0!,#DIV/0!,#DIV/0!,#DIV/0!,#DIV/0!,#DIV/0!,#DIV/0!,,
60,g,RICH TOMATO SAUCE (30g/2P35),,,0.00,kg,#DIV/0!,#DIV/0!,#DIV/0!,#DIV/0!,#DIV/0!,#DIV/0!,#DIV/0!,#DIV/0!,,
F1401990,,MARINATED ZUCCHINI SALAD FOR F0303902,Mascot,Mascot,1066,units,126,112,140,131,160,141,123,133,,
40,g,MARINATED ZUCCHINI,,,42.64,kg,5.04,4.48,5.60,5.24,6.40,5.64,4.92,5.32,,
F0303900,,BURRATA ROAST PEPPER RADICCHIO SOURDOUGH,Mascot,Mascot,107,units,16,11,16,10,16,15,8,15,,
50,g,BURRATA,,,5.35,kg,0.80,0.55,0.80,0.50,0.80,0.75,0.40,0.75,,
55,g,ROASTED PEPPER MIX,,,5.89,kg,0.88,0.61,0.88,0.55,0.88,0.83,0.44,0.83,,
10,g,LIGURIAN OLIVE,,,1.07,kg,0.16,0.11,0.16,0.10,0.16,0.15,0.08,0.15,,
15,g,GRILLED SHALLOT,,,1.61,kg,0.24,0.17,0.24,0.15,0.24,0.23,0.12,0.23,,
3,g,RADICHHIO LEAF TORN,,,0.32,kg,0.05,0.03,0.05,0.03,0.05,0.05,0.02,0.05,,
2,g,SALAD HERB TARRAGON DILL FRISEE,,,0.21,kg,0.03,0.02,0.03,0.02,0.03,0.03,0.02,0.03,,
1,no.,CHARRED GRILLED SOURDOUGH CUT IN HALF,,,107.00,no.,16,11,16,10,16,15,8,15,,
,,,,,,,,,,,,,,,,
2,2,,,,,,,,,,,,,,,
,,,,,,,,,,,,,,,,
,,41A - PC/JC MENU LIST,,,,,,,,APPROX. DAILY ORDER,,,,,,
,,,,,ESTIMATED,,,,,,,,,,,
,,,PRODUCTION,PLATING &,WEELY,UOM,17-Jul,18-Jul,19-Jul,20-Jul,21-Jul,22-Jul,23-Jul,24-Jul,,
Item Code,,ITEM DESCRIPTION,SITE,ASSEMBLY SITE,ORDER,,,,,,,,,,,
,,,,,,,Tuesday,Wednesday,Thursday,Friday,Saturday,Sunday,Monday,Tuesday,,
F0200633,,ROAST CHICKEN BROTH FARRO ASPARAGUS ENOKI,Mascot,Mascot,90,units,13,9,14,9,12,13,7,13,,
60,g,ROAST CHICKEN BROTH,,,5.40,kg,0.78,0.54,0.84,0.54,0.72,0.78,0.42,0.78,,
10,g,COOKED FARRO,,,0.90,kg,0.13,0.09,0.14,0.09,0.12,0.13,0.07,0.13,,
10,g,"BLANCH ASPARAGUS (1CM SLICE, TIPS SPLIT LENGTHWAYS)",,,0.90,kg,0.13,0.09,0.14,0.09,0.12,0.13,0.07,0.13,,
5,g,STEAMED ENOKI MUSHROOMS,,,0.45,kg,0.07,0.05,0.07,0.05,0.06,0.07,0.04,0.07,,
F1401987,,PUMPKIN TORTELLINI GARNISH FOR F0200633,Mascot,Mascot,90,units,13,9,14,9,12,13,7,13,,
40,g,PUMPKIN TORTELLINI (1 EA = 20G),,,3.60,kg,0.52,0.36,0.56,0.36,0.48,0.52,0.28,0.52,,
2,ea,CABBAGE LEAF,,,180.00,ea,26,18,28,18,24,26,14,26,,
F1401988,,PARSLEY CHIFFONADE GARNISH FOR F0200633,Mascot,Mascot,90,units,13,9,14,9,12,13,7,13,,
1,g,PARSLEY CHIFFONADE,,,0.09,kg,0.01,0.01,0.01,0.01,0.01,0.01,0.01,0.01,,
F0303903,,TUNA POKE CORIANDER SESAME DRESSING,Mascot,Mascot,168,units,22,16,23,14,21,22,11,21,,
70,g,SEARED TUNA (10MM X 10MM CUBE),,,11.76,kg,1.54,1.12,1.61,0.98,1.47,1.54,0.77,1.47,,
50,g,SALAD CABBAGE DAIKON CARROT MIX,,,8.40,kg,1.10,0.80,1.15,0.70,1.05,1.10,0.55,1.05,,
5,g,WAKAME SEAWEED SALAD,,,0.84,kg,0.11,0.08,0.12,0.07,0.11,0.11,0.06,0.11,,
1,g,CORIANDER LEAVES,,,0.17,kg,0.02,0.02,0.02,0.01,0.02,0.02,0.01,0.02,,
30,g,SESAME AND RICE VINEGAR DRESSING,,,5.04,kg,0.66,0.48,0.69,0.42,0.63,0.66,0.33,0.63,,
F0303920,,TUNA POKE CORIANDER 2U801,Mascot,Mascot,0,units,0,0,0,0,0,0,0,0,,
40,g,SEARED TUNA CUBE,,,0.00,kg,#DIV/0!,#DIV/0!,#DIV/0!,#DIV/0!,#DIV/0!,#DIV/0!,#DIV/0!,#DIV/0!,,
30,g,SALAD CABBAGE DIAKON CARROT MIX,,,0.00,kg,#DIV/0!,#DIV/0!,#DIV/0!,#DIV/0!,#DIV/0!,#DIV/0!,#DIV/0!,#DIV/0!,,
5,g,WAKAME SEAWEED,,,0.00,kg,#DIV/0!,#DIV/0!,#DIV/0!,#DIV/0!,#DIV/0!,#DIV/0!,#DIV/0!,#DIV/0!,,
F0303921,,TUNA POKE CORIANDER 2U840,Mascot,Mascot,2076,units,228,225,270,258,323,273,259,240,,
40,g,SEARED TUNA CUBE,,,83.04,kg,9.12,9.00,10.80,10.32,12.92,10.92,10.36,9.60,,
30,g,SALAD CABBAGE DIAKON CARROT MIX,,,62.28,kg,6.84,6.75,8.10,7.74,9.69,8.19,7.77,7.20,,
5,g,WAKAME SEAWEED,,,10.38,kg,1.14,1.13,1.35,1.29,1.62,1.37,1.30,1.20,,
F1401991,,DRESSING SESAME AND RICE VINEGAR FOR F0303920 / F0303921,Mascot,Mascot,2076,units,228,225,270,258,323,273,259,240,,
15,g,DRESSING SESAME AND RICE VINEGAR,,,31.14,kg,3.42,3.38,4.05,3.87,4.85,4.10,3.89,3.60,,
,,,,,,,,,,,,,,,,
3,3,,,,,,,,,,,,,,,
,,,,,,,,,,,,,,,,
,,41A - PC/JC MENU LIST,,,,,,,,APPROX. DAILY ORDER,,,,,,
,,,,,ESTIMATED,,,,,,,,,,,
,,,PRODUCTION,PLATING &,WEELY,UOM,17-Jul,18-Jul,19-Jul,20-Jul,21-Jul,22-Jul,23-Jul,24-Jul,,
Item Code,,ITEM DESCRIPTION,SITE,ASSEMBLY SITE,ORDER,,,,,,,,,,,
,,,,,,,Tuesday,Wednesday,Thursday,Friday,Saturday,Sunday,Monday,Tuesday,,
,,MAINS,,,,,,,,,,,,,,
F0505925,,BEEF MASSAMAN CURRY JASMINE RICE,Mascot,Mascot,1591,units,178,179,202,198,244,217,189,184,,
1,ea,BEEF MASSAMAN CURRY (240G) WHICH INCLUDES:-,,,1591,ea,178,179,202,198,244,217,189,184,,
100,g,BEEF,,,159.10,kg,17.80,17.90,20.20,19.80,24.40,21.70,18.90,18.40,,
35,g,POTATOES,,,55.69,kg,6.23,6.27,7.07,6.93,8.54,7.60,6.62,6.44,,
35,g,MASSAMAN CURRY SAUCE,,,55.69,kg,6.23,6.27,7.07,6.93,8.54,7.60,6.62,6.44,,
80,g,JASMINE RICE,,,127.28,kg,14.24,14.32,16.16,15.84,19.52,17.36,15.12,14.72,,
2,ea,BLANCHED CABBAGE LEAF,,,3182,ea,356,358,404,396,488,434,378,368,,
F1401997,,BLANCHED GAI LAN FOR F0505925,Mascot,Mascot,1591,units,178,179,202,198,244,217,189,184,,
60,g,GAILAN,,,95.46,kg,10.68,10.74,12.12,11.88,14.64,13.02,11.34,11.04,,
F1402023,,CRISPY ESCHALOTS THAI BASIL FOR F0505925,Mascot,Mascot,#REF!,units,#REF!,#REF!,#REF!,#REF!,#REF!,#REF!,#REF!,#REF!,,
5,g,CRISPY ESCHALOTS,,,#REF!,kg,#REF!,#REF!,#REF!,#REF!,#REF!,#REF!,#REF!,#REF!,,
2,g,THAI BASIL,,,#REF!,kg,#REF!,#REF!,#REF!,#REF!,#REF!,#REF!,#REF!,#REF!,,
F0601176,,ROASTED EGGPLANT EGGPLANT NOODLES,Mascot,Mascot,615,units,73,65,77,79,92,85,68,76,,
60,g,ROASTED EGGPLANT 1.5cmx 1.5xm x7cm,,,36.90,kg,4.38,3.90,4.62,4.74,5.52,5.10,4.08,4.56,,
50,g,NOODLE SAUCE,,,30.75,kg,3.65,3.25,3.85,3.95,4.60,4.25,3.40,3.80,,
1,g,CORIANDER FRESH PICKED,,,0.62,kg,0.07,0.07,0.08,0.08,0.09,0.09,0.07,0.08,,
3,g,CHILLI RED JULIENNE,,,1.85,kg,0.22,0.20,0.23,0.24,0.28,0.26,0.20,0.23,,
F1401397,,HOKKIEN NOODLES 90G 2P32,Mascot,Mascot,615,units,73,65,77,79,92,85,68,76,,
90,g,HOKKIEN NOODLES,,,55.35,kg,6.57,5.85,6.93,7.11,8.28,7.65,6.12,6.84,,
40,g,BOK CHOY,,,24.60,kg,2.92,2.60,3.08,3.16,3.68,3.40,2.72,3.04,,
2,ea,CABBAGE LEAF,,,1230.00,ea,146.00,130.00,154.00,158.00,184.00,170.00,136.00,152.00,,
F0505923,,ROAST CHICKEN CHASSEUR RISONI BEANS PEAS,Mascot,Mascot,343,units,42,35,42,49,48,51,32,44,,
120,g,ROAST CHICKEN BREAST SK/ON (1 EA = 120G CW),,,41.16,kg,5.04,4.20,5.04,5.88,5.76,6.12,3.84,5.28,,
40,g,CHASSEUR SAUCE,,,13.72,kg,1.68,1.40,1.68,1.96,1.92,2.04,1.28,1.76,,
15,g,COOKED BUTTON MUSHROOMS,,,5.15,kg,0.63,0.53,0.63,0.74,0.72,0.77,0.48,0.66,,
10,g,SLOW ROASTED CHERRY TOMATOES,,,3.43,kg,0.42,0.35,0.42,0.49,0.48,0.51,0.32,0.44,,
0.5,g,TARRAGON LEAVES,,,0.17,kg,0.02,0.02,0.02,0.02,0.02,0.03,0.02,0.02,,
80,g,RISONI AND GREEN BEAN MIX,,,27.44,kg,3.36,2.80,3.36,3.92,3.84,4.08,2.56,3.52,,
2,ea,CABBAGE LEAF BLANCHED,,,686.00,ea,84,70,84,98,96,102,64,88,,
F1401995,,BRAISED SILVERBEET FOR F0505923,Mascot,Mascot,343,units,42,35,42,49,48,51,32,44,,
60,g,BRAISED SILVERBEET,,,20.58,kg,2.52,2.10,2.52,2.94,2.88,3.06,1.92,2.64,,
,,,,,4,,,,,,,,,,4,
,,,,,,,,,,,,,,,,
,,41A - PC/JC MENU LIST,,,,,,,,APPROX. DAILY ORDER,,,,,,
,,,,,ESTIMATED,,,,,,,,,,,
,,,PRODUCTION,PLATING &,WEELY,UOM,17-Jul,18-Jul,19-Jul,20-Jul,21-Jul,22-Jul,23-Jul,24-Jul,,
Item Code,,ITEM DESCRIPTION,SITE,ASSEMBLY SITE,ORDER,,,,,,,,,,,
,,,,,,,Tuesday,Wednesday,Thursday,Friday,Saturday,Sunday,Monday,Tuesday,,
F0505926,,RPBG LAMB RACK BEANS GREEN,Mascot,Mascot,156,units,23,17,24,14,22,23,11,22,,
130,g,LAMB RACK ROAST 2 BONES,,,20.28,kg,2.99,2.21,3.12,1.82,2.86,2.99,1.43,2.86,,
60,g,GREEN BEANS,,,9.36,kg,1.38,1.02,1.44,0.84,1.32,1.38,0.66,1.32,,
F1401999,,MAC AND CHEESE 2U846 FOR F0505926,Mascot,Mascot,156,units,23,17,24,14,22,23,11,22,,
165,g,MAC AND CHEESE (1EA = 165G),,,25.74,kg,3.80,2.81,3.96,2.31,3.63,3.80,1.82,3.63,,
F1402000,,GARNISH HARISSA FOR F0505926,Mascot,Mascot,156,units,23,17,24,14,22,23,11,22,,
25,g,HARISSA PASTE,,,3.90,kg,0.58,0.43,0.60,0.35,0.55,0.58,0.28,0.55,,
F0505924,,SEAR CONE BAY BARRAMUNDI HERB POTATO BROCCOLINI,Mascot,Mascot,41,units,6,4,6,4,6,6,3,6,,
120,g,SEARED CONE BAY BARRAMUNDI FILLET - CW,,,4.92,kg,0.72,0.48,0.72,0.48,0.72,0.72,0.36,0.72,,
85,g,STEAMED HERB CHAT POTATOES,,,3.49,kg,0.51,0.34,0.51,0.34,0.51,0.51,0.26,0.51,,
60,g,BROCCOLINI,,,2.46,kg,0.36,0.24,0.36,0.24,0.36,0.36,0.18,0.36,,
F0505956,,SEAR CONE BAY BARRAMUNDI STEAMED HERB POTATO,Mascot,Mascot,1895,units,218,196,250,231,284,252,235,229,,
120,g,SEARED CONE BAY BARRAMUNDI FILLET - CW,,,227.40,kg,26.16,23.52,30.00,27.72,34.08,30.24,28.20,27.48,,
85,g,STEAMED HERB CHAT POTATOES,,,161.08,kg,18.53,16.66,21.25,19.64,24.14,21.42,19.98,19.47,,
F1402020,,ALMOND SALSA FOR F0505956 F0505924,Mascot,Mascot,1936,units,224,200,256,235,290,258,238,235,,
30,g,"PARSLEY, OLIVE AND ALMOND SALSA",,,58.08,kg,6.72,5.67,8.50,5.67,8.50,8.50,4.25,8.50,,
F1402019,,LEMON CHEEK FOR F0505924,Mascot,Mascot,41,units,6,4,6,4,6,6,3,6,,
1,ea,LEMON CHEEK,,,41.00,ea,6,4,6,4,6,6,3,6,,
F1401980,,BLANCHED BROCCOLINI,Mascot,Mascot,1895,units,218,196,250,231,284,252,235,229,,
60,g,BLANCHED BROCCOLINI,,,113.70,kg,13.08,11.76,15.00,13.86,17.04,15.12,14.10,13.74,,
,,,,,,,,,,,,,,,,
5,5,,,,,,,,,,,,,,,
,,,,,,,,,,,,,,,,
,,41A - PC/JC MENU LIST,,,,,,,,APPROX. DAILY ORDER,,,,,,
,,,,,ESTIMATED,,,,,,,,,,,
,,,PRODUCTION,PLATING &,WEELY,UOM,17-Jul,18-Jul,19-Jul,20-Jul,21-Jul,22-Jul,23-Jul,24-Jul,,
Item Code,,ITEM DESCRIPTION,SITE,ASSEMBLY SITE,ORDER,,,,,,,,,,,
,,,,,,,Tuesday,Wednesday,Thursday,Friday,Saturday,Sunday,Monday,Tuesday,,
F0505922,,STEAMED BLUE EYE BROTH GINGER SOY BROWN RICE,Mascot,Mascot,71,units,10,7,10,7,10,10,6,11,,
120,g,STEAMED BLUE EYE CW,,,8.52,kg,1.20,0.84,1.20,0.84,1.20,1.20,0.72,1.32,,
50,g,GINGER AND SOY BROTH,,,3.55,kg,0.50,0.35,0.50,0.35,0.50,0.50,0.30,0.55,,
1,g,GINGER JULIENNE,,,0.07,kg,0.01,0.01,0.01,0.01,0.01,0.01,0.01,0.01,,
3,g,SHALLOT JULIENNE,,,0.21,kg,0.03,0.02,0.03,0.02,0.03,0.03,0.02,0.03,,
80,g,BROWN RICE,,,5.68,kg,0.80,0.56,0.80,0.56,0.80,0.80,0.48,0.88,,
2,ea,BLANCHED CABBAGE LEAF,,,142,ea,20,14,20,14,20,20,12,22,,
F0506065,,SEARED FLATHEAD FILLET GINGER SOY JASMINE RICE,Mascot,Mascot,0,units,0,0,0,0,0,0,0,0,,
130,g,SEARED FLATHEAD FISH,,,0.00,kg,#DIV/0!,#DIV/0!,#DIV/0!,#DIV/0!,#DIV/0!,#DIV/0!,#DIV/0!,#DIV/0!,,
30,g,GINGER AND SOY BROTH,,,0.00,kg,#DIV/0!,#DIV/0!,#DIV/0!,#DIV/0!,#DIV/0!,#DIV/0!,#DIV/0!,#DIV/0!,,
80,g,STEAMED JASMINE RICE,,,0.00,kg,#DIV/0!,#DIV/0!,#DIV/0!,#DIV/0!,#DIV/0!,#DIV/0!,#DIV/0!,#DIV/0!,,
2,ea,BLANCHED CABBAGE LEAF,,,0.00,kg,#DIV/0!,#DIV/0!,#DIV/0!,#DIV/0!,#DIV/0!,#DIV/0!,#DIV/0!,#DIV/0!,,
F1402001,,BOK CHOY BLANCHED FOR F0505922 F0506065,Mascot,Mascot,71,units,10,7,10,7,10,10,6,11,,
60,g,BLANCHED BOK CHOY,,,4.26,kg,0.60,0.42,0.60,0.42,0.60,0.60,0.36,0.66,,
F0505957,,SEARED CHICKEN BREAST GINGER SOY JASMINE RICE,Mascot,Mascot,122,units,14,8,17,19,15,20,13,16,,
130,g,"SEARED GINGER AND SHALLOT CHICKEN SKIN ON, BONELESS",,,15.86,kg,1.82,1.04,2.21,2.47,1.95,2.60,1.69,2.08,,
10,g,GINGER AND SOY BROTH,,,1.22,kg,0.14,0.08,0.17,0.19,0.15,0.20,0.13,0.16,,
80,g,JASMINE RICE,,,9.76,kg,1.12,0.64,1.36,1.52,1.20,1.60,1.04,1.28,,
2,ea,BLANCHED CABBAGE,,,244.00,ea,28,16,34,38,30,40,26,32,,
F1402008,,GARNISH GINGER SHALLOT RELISH FOR F0505957,Mascot,Mascot,122,units,14,8,17,19,15,20,13,16,,
20,g,GINGER AND SHALLOT RELISH,,,2.44,kg,0.28,0.16,0.34,0.38,0.30,0.40,0.26,0.32,,
F1401768,,GARNISH BOK CHOY 2P20 FOR F0505957,Mascot,Mascot,122,units,14,8,17,19,15,20,13,16,,
60,g,BLANCH BOK CHOY QUARTER,,,7.32,kg,0.84,0.48,1.02,1.14,0.90,1.20,0.78,0.96,,
F0303904,,SALAD ANCIENT GRAIN HERB BROCCOLINI 2U802 - QF9,Mascot,Mascot,0,units,0,0,0,0,0,0,0,0,,
80,g,POACHED CHICKEN BREAST (APPROX. 5MM),,,0.00,kg,#DIV/0!,#DIV/0!,#DIV/0!,#DIV/0!,#DIV/0!,#DIV/0!,#DIV/0!,#DIV/0!,,
100,g,"ANCIENT GRAIN, EDAMAME AND HERB SALAD",,,0.00,kg,#DIV/0!,#DIV/0!,#DIV/0!,#DIV/0!,#DIV/0!,#DIV/0!,#DIV/0!,#DIV/0!,,
20,g,BROCOLLINI BLANCH,,,0.00,kg,#DIV/0!,#DIV/0!,#DIV/0!,#DIV/0!,#DIV/0!,#DIV/0!,#DIV/0!,#DIV/0!,,
F1402011,,HARISSA DRESSING FOR CHICK ANCIENT GRAINS,Mascot,Mascot,68,units,9,7,9,8,8,9,9,9,,
20,g,HARISSA DRESSING,,,1.36,kg,0.18,0.14,0.18,0.16,0.16,0.18,0.18,0.18,,
,,,,,6,,,,,,,,,,6,
,,,,,,,,,,,,,,,,
,,41A - PC/JC MENU LIST,,,,,,,,APPROX. DAILY ORDER,,,,,,
,,,,,ESTIMATED,,,,,,,,,,,
,,,PRODUCTION,PLATING &,WEELY,UOM,17-Jul,18-Jul,19-Jul,20-Jul,21-Jul,22-Jul,23-Jul,24-Jul,,
Item Code,,ITEM DESCRIPTION,SITE,ASSEMBLY SITE,ORDER,,,,,,,,,,,
,,,,,,,Tuesday,Wednesday,Thursday,Friday,Saturday,Sunday,Monday,Tuesday,,
,,SANDWICH,,,,,,,,,,,,,,
F0600302,,STEAK SANDWICH,Mascot,Mascot,137,units,20,14,20,13,20,19,11,20,,
1,ea,1 X 15CM LENGTH SOURDOUGH BAGUETTE,,,137,ea,20,14,20,13,20,19,11,20,,
2,ea,40GM ea RW GRILL MARKED MINUTE STEAK,,,274,ea,40,28,40,26,40,38,22,40,,
10,g,FRESH BABY ROCKET LEAVES,,,1.37,kg,0.20,0.14,0.20,0.13,0.20,0.19,0.11,0.20,,
50,g,TOMATO AND CHILLI RELISH,,,6.85,kg,1.00,0.70,1.00,0.65,1.00,0.95,0.55,1.00,,
F0601725,,MILK BUNS WITH MUSTARD FOR SMOKED SALMON ROLL,Mascot,Mascot,692,units,76,71,105,76,110,86,92,76,,
1,EA,MILK BUN 10CM CUT IN HALF FILLED WITH,Marrickville,,692,ea,76,71,105,76,110,86,92,76,,
5,g,MUSTARD SPREAD,,,3.46,kg,0.38,0.36,0.53,0.38,0.55,0.43,0.46,0.38,,
F1401996,,FENNEL SLAW SMOKE SALMON FOR F0601725,Mascot,Mascot,692,units,76,71,105,76,110,86,92,76,,
50,g,SMOKED SALMON,,,35,kg,4,4,5,4,6,4,5,4,,
50,g,WHITE SLAW,,,34.60,kg,4,4,5,4,6,4,5,4,,
F0600873,,CHICKEN SCHNITZEL,Mascot,Mascot,1212,units,127,136,158,150,191,158,162,130,,
1,ea,13CM X 8CM LENGTH SCHIACCIATA/FOCCACCIA SLICED HORIZONTALLY,,,1212,ea,127,136,158,150,191,158,162,130,,
2,ea,17G SLICES EMMENTHAL CHEESE,,,2424,ea,254,272,316,300,382,316,324,260,,
1,ea,CHICKEN THIGH SCHNITZEL 120G CW,,,1212,ea,127,136,158,150,191,158,162,130,,
50,g,SALAD COLESLAW,,,60.60,kg,6.35,6.80,7.90,7.50,9.55,7.90,8.10,6.50,,
,,DESSERT,,,,,,,,,,,,,,
F1101484,,CHOCOLATE OLIVE OIL CAKE COCOA CREAM RASPBERRIES,Mascot,Mascot,435,units,54,42,56,55,63,65,43,57,,
1,ea,CHOCOLATE CAKE SLICE 10 x 4CM(APPROX. 50G/SLICE),Marrickville,,435.00,ea,54.00,42.00,56.00,55.00,63.00,65.00,43.00,57.00,,
50,g,COCOA CRÈME,Marrickville,,21.75,kg,2.70,2.10,2.80,2.75,3.15,3.25,2.15,2.85,,
10,g,CRUNCHY MIX,,,4.35,kg,0.54,0.42,0.56,0.55,0.63,0.65,0.43,0.57,,
12,g,RASPBERRIES,,,5.22,kg,0.65,0.50,0.67,0.66,0.76,0.78,0.52,0.68,,
F1101635,,BAKED VANILLA CUSTARD 2U846,Marrickville,Mascot,1562,units,180,165,205,190,234,209,192,187,,
100,g,BAKED VANILLA CUSTARD,,,156.20,kg,18.00,16.50,20.50,19.00,23.40,20.90,19.20,18.70,,
F1101419,,BAKED VANILLA CUSTARD 2U828,Marrickville,Mascot,0,units,0,0,0,0,0,0,0,0,,
100,g,BAKED VANILLA CUSTARD,,,0.00,kg,#DIV/0!,#DIV/0!,#DIV/0!,#DIV/0!,#DIV/0!,#DIV/0!,#DIV/0!,#DIV/0!,,
F1401277,,GARNISH RHUBARB PEAR COMPOTE FLAKED ALMONDS,Marrickville,Mascot,1562,units,180,165,205,190,234,209,192,187,,
30,g,HONEY PEAR AND RHUBARB MIX,,,46.86,kg,5.40,4.95,6.15,5.70,7.02,6.27,5.76,5.61,,
5,g,HALAL ROASTED ALMOND FLAKES,,,7.81,kg,0.90,0.83,1.03,0.95,1.17,1.05,0.96,0.94,,
,,,,,7,,,,,,,,,,7,
,,,,,,,,,,,,,,,,
,,41A - PC/JC MENU LIST,,,,,,,,APPROX. DAILY ORDER,,,,,,
,,,,,ESTIMATED,,,,,,,,,,,
,,,PRODUCTION,PLATING &,WEELY,UOM,17-Jul,18-Jul,19-Jul,20-Jul,21-Jul,22-Jul,23-Jul,24-Jul,,
Item Code,,ITEM DESCRIPTION,SITE,ASSEMBLY SITE,ORDER,,,,,,,,,,,
,,,,,,,Tuesday,Wednesday,Thursday,Friday,Saturday,Sunday,Monday,Tuesday,,
F0700386,,CHEESE PLATE 2U841 QF 25,Mascot,Mascot,44,units,6,4,6,5,5,6,6,6,,
25,g,SOFT CHEESE,,,1.10,kg,0.15,0.10,0.15,0.13,0.13,0.15,0.15,0.15,,
25,g,HARD CHEESE,,,1.10,kg,0.15,0.10,0.15,0.13,0.13,0.15,0.15,0.15,,
25,g,BLUE/GOATS CHEESE,,,1.10,kg,0.15,0.10,0.15,0.13,0.13,0.15,0.15,0.15,,
24,g,QUINCE PASTE,,,1.06,kg,0.14,0.10,0.14,0.12,0.12,0.14,0.14,0.14,,
1,ea,MEDJOOL DATE,,,44.00,ea,6.00,4.00,6.00,5.00,5.00,6.00,6.00,6.00,,
40,g,BUNCH RED GRAPES,,,1.76,kg,0.24,0.16,0.24,0.20,0.20,0.24,0.24,0.24,,
,,BREAKFAST,,,,,,,,,,,,,,
F0403234,,BRIOCHE BACON EGG ROAST TOMATO BBQ SAUCE,Mascot,Mascot,921,units,87,101,122,116,139,128,137,91,,
1,ea,BRIOCHE ROLL CUT IN HALF,Marrickville,,0.92,kg,0.09,0.10,0.12,0.12,0.14,0.13,0.14,0.09,,
20,g,SEALED BACON RASHERS,,,18.42,kg,1.74,2.02,2.44,2.32,2.78,2.56,2.74,1.82,,
1,ea,FRIED EGG,,,921.00,ea,87,101,122,116,139,128,137,91,,
15,g,"CHOPPED SLOW ROASTED TOMATOES, 2CM CHUNKS",,,13.82,kg,1.31,1.52,1.83,1.74,2.09,1.92,2.06,1.37,,
20,g,BARBECUE SAUCE,,,18.42,kg,1.74,2.02,2.44,2.32,2.78,2.56,2.74,1.82,,
F0403229,,POACHED EGG HALOUMI KALE QUINOA SALAD,Mascot,Mascot,649,units,61,71,106,71,108,75,97,60,,
120,g,QUINOA AND KALE MIXTURE,,,77.88,kg,7.32,8.52,12.72,8.52,12.96,9.00,11.64,7.20,,
2,ea,CABBAGE LEAVES,,,1298.00,ea,122,142,212,142,216,150,194,120,,
30,g,HALOUMI,,,19.47,kg,1.83,2.13,3.18,2.13,3.24,2.25,2.91,1.80,,
1,ea,POACHED EGG,,,649.00,ea,61,71,106,71,108,75,97,60,,
10,ml,WATER,,,6.49,kg,0.61,0.71,1.06,0.71,1.08,0.75,0.97,0.60,,
F1402012,,DRESSING GREEN TAHINI FOR F0403229,Mascot,Mascot,649,units,61,71,106,71,108,75,97,60,,
25,g,GREEN TAHINI,,,16.23,kg,1.53,1.78,2.65,1.78,2.70,1.88,2.43,1.50,,
F1402092,,PEPITAS SUNFLOWER SESAME PISTACHIO FOR F0403229,Mascot,Mascot,649,units,61,71,106,71,108,75,97,60,,
6,g,SEEDS AND PISTACHIO,,,3.89,kg,0.37,0.43,0.64,0.43,0.65,0.45,0.58,0.36,,
0.5,g,WHITE SESAME SEEDS,,,0.32,kg,0.03,0.04,0.05,0.04,0.05,0.04,0.05,0.03,,
0.5,g,BLACK  SESAME SEEDS,,,0.32,kg,0.03,0.04,0.05,0.04,0.05,0.04,0.05,0.03,,
,,,,,,,,,,,,,,,,
8,8,,,,,,,,,,,,,,,
,,,,,,,,,,,,,,,,
,,41A - PC/JC MENU LIST,,,,,,,,APPROX. DAILY ORDER,,,,,,
,,,,,ESTIMATED,,,,,,,,,,,
,,,PRODUCTION,PLATING &,WEELY,UOM,17-Jul,18-Jul,19-Jul,20-Jul,21-Jul,22-Jul,23-Jul,24-Jul,,
Item Code,,ITEM DESCRIPTION,SITE,ASSEMBLY SITE,ORDER,,,,,,,,,,,
,,,,,,,Tuesday,Wednesday,Thursday,Friday,Saturday,Sunday,Monday,Tuesday,,
F0403153,,PORK SAUSAGE SPINACH BRAISED BEANS,Mascot,Mascot,649,units,61,71,106,71,108,75,97,60,,
2,ea,"PORK CHIPOLATA SAUSAGES, PAN FRIED 30g/CW",,,1298.00,ea,122,142,212,142,216,150,194,120,,
60,g,BRAISED BEANS,,,38.94,kg,3.66,4.26,6.36,4.26,6.48,4.50,5.82,3.60,,
30,g,SAUTEED ENGLISH SPINACH,,,19.47,kg,1.83,2.13,3.18,2.13,3.24,2.25,2.91,1.80,,
F1402015,,PORK SAUSAGE ROAST TOM FOR CAFÉ BREAKFAST,Mascot,Mascot,112,units,17,12,18,10,16,17,7,15,,
60,g,PAN FRIED PORK  SAUSAGE (30G/EA x 2),,,6.72,kg,1.02,0.72,1.08,0.60,0.96,1.02,0.42,0.90,,
F1401608,,SAUTÉED SPINACH,Mascot,Mascot,112,units,17,12,18,10,16,17,7,15,,
30,g,SAUTÉED SPINACH,,,3.36,kg,0.51,0.36,0.54,0.30,0.48,0.51,0.21,0.45,,
F1401609,,SLOW ROAST TOMATOES,Mascot,Mascot,129,units,20,14,20,11,20,19,8,17,,
2,ea,SLOW ROAST TOMATOES (25G/EA),,,258,ea,40,28,40,22,40,38,16,34,,
F1401739,,GRILL BACON BLACKFOREST FOR CAFÉ BREAKFAST 2P21,Mascot,Mascot,112,units,17,12,18,10,16,17,7,15,,
40,g,BACON SEARED RINDLESS BLACKFOREST,,,4.48,kg,0.68,0.48,0.72,0.40,0.64,0.68,0.28,0.60,,
F1401610,,BRAISED BEANS,Mascot,Mascot,129,units,20,14,20,11,20,19,8,17,,
60,g,BRAISED BEANS,,,7.74,kg,1.20,0.84,1.20,0.66,1.20,1.14,0.48,1.02,,
F1402006,,HASH BROWNS FOR CAFÉ BREAKFAST,Mascot,Mascot,112,units,17,12,18,10,16,17,7,15,,
2,ea,HASH BROWNS (40G/EA),,,224,ea,34,24,36,20,32,34,14,30,,
F0403295,,CRUMPET HONEY BUTTER FOR CAFE BREAKFAST,Mascot,Mascot,60,units,9,6,10,6,8,9,4,8,,
2,ea,TOASTED CRUMPET(approx. 40g),,,120,ea,18,12,20,12,16,18,8,16,,
2,ea,HONEY BUTTER DISC (10g/EA),,,120,ea,18,12,20,12,16,18,8,16,,
F1401576,,BANANA RIPE 2NO. FOR CAFÉ BREAKFAST,Mascot,Mascot,15,units,2,2,2,2,2,2,1,2,,
2,ea,RIPE BANANA,,,30,ea,4,4,4,4,4,4,2,4,,
F1401574,,CHOPPED HAZELNUT,Mascot,Mascot,60,units,9,6,10,6,8,9,4,8,,
5,g,CHOPPED HAZELNUT,,,0.30,kg,0.05,0.03,0.05,0.03,0.04,0.05,0.02,0.04,,
F1401575,,STRAWBERRY HALVES,Mascot,Mascot,77,units,12,8,12,7,12,11,5,10,,
20,g,STRWBERRY HALF CUT STEM OFF,,,1.54,kg,0.24,0.16,0.24,0.14,0.24,0.22,0.10,0.20,,
,,,,,9,,,,,,,,,,9,
,,,,,,,,,,,,,,,,
,,41A - PC/JC MENU LIST,,,,,,,,APPROX. DAILY ORDER,,,,,,
,,,,,ESTIMATED,,,,,,,,,,,
,,,PRODUCTION,PLATING &,WEELY,UOM,17-Jul,18-Jul,19-Jul,20-Jul,21-Jul,22-Jul,23-Jul,24-Jul,,
Item Code,,ITEM DESCRIPTION,SITE,ASSEMBLY SITE,ORDER,,,,,,,,,,,
,,,,,,,Tuesday,Wednesday,Thursday,Friday,Saturday,Sunday,Monday,Tuesday,,
F1401577,,MAPLE SYRUP,Mascot,Mascot,60,units,9,6,10,6,8,9,4,8,,
30,g,MAPLE SYRUP,,,1.80,kg,0.27,0.18,0.30,0.18,0.24,0.27,0.12,0.24,,
F1401620,,SLICED APPLE SYRUP,Mascot,Mascot,30,units,4,4,4,4,4,4,2,4,,
100,g,SLICED GREEN APPLES,,,3.00,kg,0.40,0.40,0.40,0.40,0.40,0.40,0.20,0.40,,
10,g,SYRUP,,,0.30,kg,0.04,0.04,0.04,0.04,0.04,0.04,0.02,0.04,,
F1401573,,BLUEBERRY FRESH 2P32 FOR CAFE BREAKFAST,Mascot,Mascot,77,units,12,8,12,7,12,11,5,10,,
20,g,Fresh Blueberries,,,1.54,kg,0.24,0.16,0.24,0.14,0.24,0.22,0.10,0.20,,
,,PRIOR TO ARRIVAL,,,,,,,,,,,,,,
F0601726,,BEEF UDON NOODLE SOUP,Mascot,Mascot,335,units,43,28,39,46,42,52,37,48,,
100,g,UDON NOODLE,,,33.50,kg,4.30,2.80,3.90,4.60,4.20,5.20,3.70,4.80,,
30,g,BOK CHOY,,,10.05,kg,1.29,0.84,1.17,1.38,1.26,1.56,1.11,1.44,,
2,ea,BLANCHED CABBAGE LEAF,,,0.67,kg,0.09,0.06,0.08,0.09,0.08,0.10,0.07,0.10,,
150,g,DASHI BROTH,,,50.25,kg,6.45,4.20,5.85,6.90,6.30,7.80,5.55,7.20,,
60,g,SOY SEARED BEEF,,,20.10,kg,2.58,1.68,2.34,2.76,2.52,3.12,2.22,2.88,,
F1401998,,SHALLOT TOGRASHI FOR F0601726,Mascot,Mascot,335,units,43,28,39,46,42,52,37,48,,
2,g,SHALLOTS ROUND,,,0.67,kg,0.09,0.06,0.08,0.09,0.08,0.10,0.07,0.10,,
1,g,SHICHIMI TOGARASHI,,,0.34,kg,0.04,0.03,0.04,0.05,0.04,0.05,0.04,0.05,,
F0601727,,EGG WHITE FRIED RICE WITH FISH LAP CHEONG SNAKE BEANS,Mascot,Mascot,154,units,17,15,18,22,22,23,17,20,,
100,g,FRIED RICE,,,15.40,kg,1.70,1.50,1.80,2.20,2.20,2.30,1.70,2.00,,
2,ea,BLANCHED CABBAGE LEAF,,,308.00,ea,34.00,30.00,36.00,44.00,44.00,46.00,34.00,40.00,,
120,g,STIR FRY BEANS LAPCHEONG,,,18.48,kg,2.04,1.80,2.16,2.64,2.64,2.76,2.04,2.40,,
30,g,PACKING SAUCE,,,4.62,kg,0.51,0.45,0.54,0.66,0.66,0.69,0.51,0.60,,
F1402002,,BOK CHOY STEAMED FOR F0601727,Mascot,Mascot,154,units,17,15,18,22,22,23,17,20,,
60,g,BOK CHOY,,,9.24,kg,1.02,0.90,1.08,1.32,1.32,1.38,1.02,1.20,,
F0601730,,"EGG WHITE FRIED RICE LAP CHEONG, SNAKE BEANS  PTA",Mascot,Mascot,1233,units,154,145,140,150,172,167,138,167,,
80,g,FRIED RICE,,,98.64,kg,12.32,11.60,11.20,12.00,13.76,13.36,11.04,13.36,,
2,ea,BLANCHED CABBAGE LEAF,,,2466.00,ea,308.00,290.00,280.00,300.00,344.00,334.00,276.00,334.00,,
60,g,LAP CHEONG AND BEANS,,,73.98,kg,9.24,8.70,8.40,9.00,10.32,10.02,8.28,10.02,,
15,g,PACKING SAUCE,,,18.50,kg,2.31,2.18,2.10,2.25,2.58,2.51,2.07,2.51,,
,,,,,10,,,,,,,,,,10,
,,,,,,,,,,,,,,,,
,,41A - PC/JC MENU LIST,,,,,,,,APPROX. DAILY ORDER,,,,,,
,,,,,ESTIMATED,,,,,,,,,,,
,,,PRODUCTION,PLATING &,WEELY,UOM,17-Jul,18-Jul,19-Jul,20-Jul,21-Jul,22-Jul,23-Jul,24-Jul,,
Item Code,,ITEM DESCRIPTION,SITE,ASSEMBLY SITE,ORDER,,,,,,,,,,,
,,,,,,,Tuesday,Wednesday,Thursday,Friday,Saturday,Sunday,Monday,Tuesday,,
F1401800,,GARNISH SHALLOT ROUNDS FOR F0601730 F0601727,Mascot,Mascot,1387,units,171,160,158,172,194,190,155,187,,
3,g,Shallots Round,,,4.16,kg,0.51,0.48,0.47,0.52,0.58,0.57,0.47,0.56,,
20,g,PACKING SAUCE,,,27.74,kg,3.42,3.20,3.16,3.44,3.88,3.80,3.10,3.74,,
F0601661,,LAMB PILAF,Mascot,Mascot,92,units,17,0,13,12,17,16,0,17,,
80,g,RICE LAMB PILAF,,,7.36,kg,1.36,0.00,1.04,0.96,1.36,1.28,0.00,1.36,,
2,ea,BLANCHED CABBAGE LEAF,,,184.00,ea,34,0,26,24,34,32,0,34,,
F0601752,,LAMB PILAF QF43,Mascot,Mascot,62,units,8,8,7,7,8,8,8,8,,
110,g,LAMB PILAF,,,6.82,kg,0.88,0.88,0.77,0.77,0.88,0.88,0.88,0.88,,
2,ea,CABBAGE LEAF,,,124.00,ea,16,16,14,14,16,16,16,16,,
F1401993,,TABBOULEH FOR F0601661 F0601752,Mascot,Mascot,154,units,25,8,20,19,25,24,8,25,,
15,g,TABBOULEH,,,2.31,kg,0.38,0.12,0.30,0.29,0.38,0.36,0.12,0.38,,
F1402017,,LEMON YOGHURT FOR F0601661 F0601752,Mascot,Mascot,154,units,25,8,20,19,25,24,8,25,,
10,g,LEMON YOGHURT,,,1.54,kg,0.25,0.08,0.20,0.19,0.25,0.24,0.08,0.25,,
F0601785,,LAMB PILAF 160g,Mascot,Mascot,0,units,0,0,0,0,0,0,0,0,,
160,g,LAMB PILAF,,,0.00,kg,#DIV/0!,#DIV/0!,#DIV/0!,#DIV/0!,#DIV/0!,#DIV/0!,#DIV/0!,#DIV/0!,,
2,ea,CABBAGE LEAF,,,0.00,ea,#DIV/0!,#DIV/0!,#DIV/0!,#DIV/0!,#DIV/0!,#DIV/0!,#DIV/0!,#DIV/0!,,
F1402134,,TABBOULEH FOR F0601785,Mascot,Mascot,0,units,0,0,0,0,0,0,0,0,,
30,g,TABBOULEH,,,0.00,kg,#DIV/0!,#DIV/0!,#DIV/0!,#DIV/0!,#DIV/0!,#DIV/0!,#DIV/0!,#DIV/0!,,
F1401904,,GARNISH LEMON YOGHURT FOR F0601785,Mascot,Mascot,0,units,0,0,0,0,0,0,0,0,,
20,g,LEMON YOGHURT,,,0.00,kg,#DIV/0!,#DIV/0!,#DIV/0!,#DIV/0!,#DIV/0!,#DIV/0!,#DIV/0!,#DIV/0!,,
F0601728,,LAMB AND WHITE BEAN CASSOULET POT PIE,Mascot,Mascot,229,units,26,21,28,32,33,35,25,29,,
110,g,LAMB CW,,,25.19,kg,2.86,2.31,3.08,3.52,3.63,3.85,2.75,3.19,,
60,g,SAUCE,,,13.74,kg,1.56,1.26,1.68,1.92,1.98,2.10,1.50,1.74,,
80,g,WHITE BEAN CASSOULET,,,18.32,kg,2.08,1.68,2.24,2.56,2.64,2.80,2.00,2.32,,
,,,,,,,,,,,,,,,,
11,11,,,,,,,,,,,,,,,
,,,,,,,,,,,,,,,,
,,41A - PC/JC MENU LIST,,,,,,,,,APPROX. DAILY ORDER,,,,,
,,,,,,ESTIMATED,,,,,,,,,,
,,,,PRODUCTION,PLATING &,WEELY,UOM,17-Jul,18-Jul,19-Jul,20-Jul,21-Jul,22-Jul,23-Jul,24-Jul,
Item Code,,ITEM DESCRIPTION,,SITE,ASSEMBLY SITE,ORDER,,,,,,,,,,
,,,,,,,,Tuesday,Wednesday,Thursday,Friday,Saturday,Sunday,Monday,Tuesday,
F0601751,,LAMB AND WHITE BEAN CASSOULET POT PIE 2U846,,Mascot,Mascot,0,units,0,0,0,0,0,0,0,0,
100,g,LAMB CW,,,,0.00,kg,#DIV/0!,#DIV/0!,#DIV/0!,#DIV/0!,#DIV/0!,#DIV/0!,#DIV/0!,#DIV/0!,
50,g,SAUCE,,,,0.00,kg,#DIV/0!,#DIV/0!,#DIV/0!,#DIV/0!,#DIV/0!,#DIV/0!,#DIV/0!,#DIV/0!,
60,g,WHITE BEAN CASSOULET,,,,0.00,kg,#DIV/0!,#DIV/0!,#DIV/0!,#DIV/0!,#DIV/0!,#DIV/0!,#DIV/0!,#DIV/0!,
F1402003,,HERB BREADCRUMB FOR F0601728 F0601751,,Mascot,Mascot,229,units,26,21,28,32,33,35,25,29,
15,g,BREAD CRUMB PARSLEY MIXTURE,,,,3.44,kg,0.39,0.32,0.42,0.48,0.50,0.53,0.38,0.44,
F0601519,,"SPINACH, RICOTTA AND ONION PASTIZZI WITH TOMATO RELISH",,Mascot,Mascot,1628,units,189,181,212,191,246,214,195,200,
3,ea,PASTIZZI (APPROX. 35G/EA),,,,4884.00,ea,567,543,636,573,738,642,585,600,
15,g,TOMATO AND CHILLI RELISH,,,,24.42,kg,2.84,2.72,3.18,2.87,3.69,3.21,2.93,3.00,
,,PREMIUM ECONOMY,,,,,,,,,,,,,,
F0601805,,SAUSAGE ROLL MESCLUN TOMATO RELISH,,Mascot,Mascot,440,units,45,50,66,51,75,45,70,38,
1,ea,SAUSAGE ROLL (APPROX.155G/EA),,Marrickville,,440,ea,45,50,66,51,75,45,70,38,
5,g,MESCLUN LETTUCE,,,,2.20,kg,0.23,0.25,0.33,0.26,0.38,0.23,0.35,0.19,
15,g,TOMATO RELISH,,,,6.60,kg,0.68,0.75,0.99,0.77,1.13,0.68,1.05,0.57,
2,no.,WHOLE CHERRY TOMATO,,,,880.00,ea,90.00,100.00,132.00,102.00,150.00,90.00,140.00,76.00,
F0601791,,CROISSANT PUDDING SALSA CORN,,Mascot,Mascot,244,units,25,27,36,28,42,25,38,23,
1,ea,CROISSANT PUDDING (APPROX. 140g/EA),,Marrickville,,244,ea,25,27,36,28,42,25,38,23,
40,g,CORN SALSA JALAPENO,,,,9.76,kg,1.00,1.08,1.44,1.12,1.68,1.00,1.52,0.92,
,,MARKET INSPIRATION,,,,,,,,,,,,,,
F0304025,,MORTON B  Y BUG MUSHROOM LEEK H  ZELNUT B  LS,MIC- MI,Mascot,Mascot,90,units,13,9,14,9,12,13,7,13,
50,g,POACHED MORETON BUGS,,,,4.50,kg,0.65,0.45,0.70,0.45,0.60,0.65,0.35,0.65,
10,g,BROWN BUTTER AND BALSAMIC DRESSING,,,,0.90,kg,0.13,0.09,0.14,0.09,0.12,0.13,0.07,0.13,
10,g,SAUTÉED MUSHROOMS AND LEEKS,,,,0.90,kg,0.13,0.09,0.14,0.09,0.12,0.13,0.07,0.13,
6,g,PEELED ROAST CHOP HAZELNUTS,,,,0.54,kg,0.08,0.05,0.08,0.05,0.07,0.08,0.04,0.08,
40,g,PARSNIP PUREE,,,,3.60,kg,0.52,0.36,0.56,0.36,0.48,0.52,0.28,0.52,
0.5,g,FINE CHOPPED CHIVE,,,,0.05,kg,0.01,0.00,0.01,0.00,0.01,0.01,0.00,0.01,
10,g,SALAD LEAVES WITLOF FRISEE PARSLEY CHERVIL,,,,0.90,kg,0.13,0.09,0.14,0.09,0.12,0.13,0.07,0.13,
,,ECONOMY,,,,,,,,,,,,,,
F1402218,,GARNISH LEMON MINT FOR WELCOME WATER,,Mascot,Mascot,0,units,0,0,0,0,0,0,0,0,
10,ea,LEMON HALF SLICES 5MM,,,,0,ea,#REF!,#REF!,#REF!,#REF!,#REF!,#REF!,#REF!,#REF!,
,,,,,,12,,,,,,,,,,12
